godina,mjesec,zemlja,dolasci,nocenja,prosjecan_boravak
2018,12,.3,3.0,9.0,3.0
2018,12,.2,9.0,1.0,0.11
2018,12,I X II,,8.0,
2018,12,.4 .4,1.0,2.0,2.0
2018,12,.5,4.0,4.0,1.0
2018,12,.0 .8,1.0,8.0,8.0
2018,12,I X II *,,7.0,
2018,12,.6 .6,2.0,1.0,0.5
2018,12,.8,7.0,9.0,1.29
2018,12,.9 .8,1.0,2.0,2.0
2018,12,I X II,,8.0,
2018,12,.0 .1,3.0,0.0,
2018,12,.7,8.0,6.0,0.75
2018,12,.1 .4,2.0,4.0,2.0
2018,12,. i,0.0,2.0,
2018,12,I XII * I XII I -XII I XII * I XII I -XII noćenja,2017.0,2018.0,1.0
2018,12,Albanija,5090.0,8940.0,1.76
2018,12,Austrija,26560.0,51560.0,1.94
2018,12,Belgija,6566.0,15616.0,2.38
2018,12,Bugarska,6685.0,12092.0,1.81
2018,12,Crna Gora,16923.0,36847.0,2.18
2018,12,Češka,5942.0,11895.0,2.0
2018,12,Danska,5713.0,14823.0,2.59
2018,12,Estonija,559.0,1364.0,2.44
2018,12,Finska,2401.0,4541.0,1.89
2018,12,Francuska,20282.0,61188.0,3.02
2018,12,Grčka,6226.0,12839.0,2.06
2018,12,Holandija,15740.0,40461.0,2.57
2018,12,Hrvatska,116823.0,270292.0,2.31
2018,12,Irska,5602.0,20448.0,3.65
2018,12,Island,336.0,1021.0,3.04
2018,12,I XII * I XII I -XII I XII * I XII I -XII noćenja noćenja,2017.0,2018.0,1.0
2018,12,Italija,44979.0,106552.0,2.37
2018,12,Kipar,854.0,1492.0,1.75
2018,12,Latvija,690.0,1503.0,2.18
2018,12,Litvanija,1215.0,1789.0,1.47
2018,12,Luksemburg,642.0,1443.0,2.25
2018,12,Mađarska,15070.0,27488.0,1.82
2018,12,Sjeverna Makedonija,8891.0,18498.0,2.08
2018,12,Malta,553.0,2898.0,5.24
2018,12,Norveška,4752.0,10741.0,2.26
2018,12,Njemačka,50402.0,107258.0,2.13
2018,12,Poljska,39551.0,94532.0,2.39
2018,12,Portugal,2981.0,5091.0,1.71
2018,12,Rumunija,6508.0,15913.0,2.45
2018,12,Rusija,5680.0,11908.0,2.1
2018,12,Slovačka,4085.0,7870.0,1.93
2018,12,Slovenija,65002.0,123131.0,1.89
2018,12,Srbija,88797.0,178549.0,2.01
2018,12,Španija,14292.0,25183.0,1.76
2018,12,Švicarska,10983.0,22532.0,2.05
2018,12,Švedska,12550.0,29156.0,2.32
2018,12,Turska,85416.0,131989.0,1.55
2018,12,Ujedinjeno Kraljevstvo,14202.0,32612.0,2.3
2018,12,Ukrajina,1843.0,4228.0,2.29
2018,12,Egipat,850.0,2509.0,2.95
2018,12,Južnoafrička Republika,767.0,1666.0,2.17
2018,12,Kanada,6799.0,12791.0,1.88
2018,12,SAD,28187.0,60409.0,2.14
2018,12,Brazil,3980.0,7227.0,1.82
2018,12,Bahrein,7084.0,20004.0,2.82
2018,12,Indija,2524.0,5396.0,2.14
2018,12,Iran,899.0,2131.0,2.37
2018,12,Izrael,7877.0,20712.0,2.63
2018,12,Japan,7884.0,10582.0,1.34
2018,12,Južna Koreja,45388.0,50553.0,1.11
2018,12,Katar,3880.0,12894.0,3.32
2018,12,Kina,58235.0,66703.0,1.15
2018,12,Kuvajt,8223.0,29549.0,3.59
2018,12,Malezija,18779.0,24478.0,1.3
2018,12,Oman,11397.0,28220.0,2.48
2018,12,Saudijska Arabija,30930.0,77443.0,2.5
2018,12,Ujedinjeni Arapski Emirati,35255.0,108662.0,3.08
2018,12,Australija,9236.0,17640.0,1.91
2018,12,Novi Zeland,1298.0,2170.0,1.67
2018,12,. i,1.0,0.0,
2018,12,I -X II I -X II n o će n ja I X II* I X II I X II* I X II,0.0,2.0,
2018,12,I -X II I -X II %,0.0,2.0,
2018,12,"U K U P N O .3 .5 .4 .4 ,1 .6 .6 .0 .1 ,5 ,0",0.0,0.0,
2018,12,"H o te li i s lič a n s m je š ta j .2 .9 .3 .2 ,5 .4 .0 .7 .2 ,1 ,1",2.0,4.0,2.0
2018,12,".5 .7 ,9 .7 .3 ,0 ,1",6.0,5.0,0.83
2018,12,"K a m p o v i i p r o s to r i z a k a m p ir a n je .6 .6 ,0 .1 .0 ,9 ,8",2.0,1.0,0.5
2018,12,"O s ta li s m je š ta j .4 .6 ,9 .6 .5 ,3 ,0",1.0,2.0,2.0
2018,12,"D o m a ć i tu r is ti .3 .5 ,3 .8 .7 ,5 ,8",8.0,9.0,1.12
2018,12,"H o te li i s lič a n s m je š ta j .7 .5 ,0 .2 .5 ,5 ,4",5.0,8.0,1.6
2018,12,"O d m a r a liš ta i s lič n i o b je k ti z a k r a ć i o d m o r .6 .7 ,7 .5 .8 ,8 ,0",4.0,1.0,0.25
2018,12,"K a m p o v i i p r o s to r i z a k a m p ir a n je .0 .8 ,0 .3 .4 ,7 ,1",5.0,3.0,0.6
2018,12,"O s ta li s m je š ta j .9 .3 ,9 .6 .8 ,4 ,2",1.0,1.0,1.0
2018,12,"S tr a n i tu r is ti .2 .0 .8 ,0 .9 .8 .1 .4 ,1 ,2",2.0,1.0,0.5
2018,12,"H o te li i s lič a n s m je š ta j .1 .7 ,2 .7 .8 .0 .6 ,4 ,6",7.0,6.0,0.86
2018,12,"O d m a r a liš ta i s lič n i o b je k ti z a k r a ć i o d m o r .9 .9 ,0 .2 .4 ,3 ,0",1.0,3.0,3.0
2018,12,"K a m p o v i i p r o s to r i z a k a m p ir a n je .6 .8 ,8 .7 .5 ,5 ,7",1.0,1.0,1.0
2018,12,"O s ta li s m je š ta j .4 .2 ,0 .0 .7 ,2 ,8",7.0,9.0,1.29
2019,12,I X II,,8.0,
2019,12,.4 .4,1.0,2.0,2.0
2019,12,.5,4.0,4.0,1.0
2019,12,.0 .8,1.0,8.0,8.0
2019,12,I X II,,9.0,
2019,12,.6 .7,1.0,7.0,7.0
2019,12,.6,4.0,8.0,2.0
2019,12,.1 .0,1.0,9.0,9.0
2019,12,I X II,,1.0,
2019,12,.0 .1,3.0,0.0,
2019,12,.7,8.0,6.0,0.75
2019,12,.1 .4,2.0,4.0,2.0
2019,12,I X II,,9.0,
2019,12,.3 .3,3.0,2.0,0.67
2019,12,.2,9.0,7.0,0.78
2019,12,.4 .1,2.0,5.0,2.5
2019,12,I X II,,9.0,
2019,12,. i .,8.0,9.0,1.12
2019,12,Albanija,4787.0,8918.0,1.86
2019,12,Austrija,28114.0,53279.0,1.9
2019,12,Belgija,7432.0,17391.0,2.34
2019,12,Bugarska,8019.0,14641.0,1.83
2019,12,Crna Gora,18532.0,39721.0,2.14
2019,12,Češka,9033.0,16859.0,1.87
2019,12,Danska,6922.0,16602.0,2.4
2019,12,Estonija,565.0,1313.0,2.32
2019,12,Finska,3596.0,8083.0,2.25
2019,12,Francuska,20234.0,55484.0,2.74
2019,12,Grčka,6356.0,12603.0,1.98
2019,12,Holandija,17000.0,41138.0,2.42
2019,12,Hrvatska,138293.0,315085.0,2.28
2019,12,Irska,4813.0,15261.0,3.17
2019,12,Island,478.0,1422.0,2.97
2019,12,D O L A S C I N O Ć E N JA I X II,,9.0,
2019,12,I X II I X II I X II I X II I X II I X II n o će n ja,2.0,8.0,4.0
2019,12,I X II I X II %,2.0,8.0,4.0
2019,12,"Italija .9 .8 ,4 .5 .7 ,5 ,9 ,5",4.0,4.0,1.0
2019,12,"K ip ar ,6 .4 .1 ,6 ,0 ,4",5.0,2.0,0.4
2019,12,"L atv ija ,2 .5 .9 ,8 ,1 ,5",9.0,0.0,
2019,12,"L itv an ija .2 .3 ,9 .7 .7 ,5 ,1 ,0",1.0,8.0,8.0
2019,12,"L u k sem b u rg ,3 .4 .7 ,5 ,1 ,1",4.0,3.0,0.75
2019,12,"M ađ arsk a .0 .0 ,0 .4 .6 ,8 ,3 ,8",5.0,1.0,0.2
2019,12,"M alta ,4 .8 .1 ,8 ,1 ,7",5.0,7.0,1.4
2019,12,"N o rv ešk a .7 .9 ,1 .7 .2 ,8 ,5 ,3",5.0,4.0,0.8
2019,12,"N jem ačk a .4 .7 ,7 .2 .4 ,2 ,0 ,1",0.0,5.0,
2019,12,"P o ljsk a .5 .4 ,8 .5 .5 ,6 ,7 ,4",9.0,3.0,0.33
2019,12,"P o rtu gal .9 .8 ,6 .0 .4 ,7 ,2 ,4",8.0,0.0,
2019,12,"R u m u n ija .5 .2 ,9 .9 .9 ,6 ,5 ,1",0.0,4.0,
2019,12,"R u sija .6 .6 ,7 .9 .6 ,4 ,6 ,1",8.0,2.0,0.25
2019,12,"Sjev ern a M ak ed o n ija .8 .3 ,9 .4 .0 ,3 ,8 ,9 )",9.0,0.0,
2019,12,"Slo v ačk a .0 .3 ,2 .8 .2 ,1 ,4 ,1",8.0,4.0,0.5
2019,12,"Slo v en ija .0 .9 ,5 .1 .6 ,5 ,3 ,9",5.0,6.0,1.2
2019,12,"Srb ija .7 .3 ,2 .5 .5 ,0 ,4 ,0",8.0,1.0,0.12
2019,12,"Šp an ija .2 .4 ,9 .1 .3 ,4 ,3 ,7",4.0,1.0,0.25
2019,12,"Šv ajcarsk a (u k lju ču ju ći i L ih ten štajn ) .9 .5 ,4 .5 .1 ,4 ,1 ,2",0.0,1.0,
2019,12,"Šv ed sk a .5 .7 ,7 .1 .6 ,3 ,3 ,2",2.0,1.0,0.5
2019,12,"T u rsk a .4 .9 ,1 .9 .0 ,9 ,6 ,6",5.0,7.0,1.4
2019,12,"U jed in jen o K raljev stv o .2 .0 ,2 .6 .6 ,4 ,5 ,4",4.0,1.0,0.25
2019,12,"U k rajin a .8 .0 ,4 .2 .5 ,2 ,2 ,6",4.0,9.0,2.25
2019,12,"O stale ev ro p sk e zem lje .5 .3 ,2 .2 .8 ,3 ,4 ,6",2.0,5.0,2.5
2019,12,"E gip at .2 ,5 .5 .5 ,3 ,1 ,8",5.0,6.0,1.2
2019,12,"Ju žn o afričk a R ep u b lik a ,4 .6 .4 ,2 ,1 ,1",6.0,5.0,0.83
2019,12,"O stale afričk e zem lje .2 .6 ,3 .3 .1 ,9 ,3 ,1",0.0,1.0,
2019,12,"K an ad a .7 .6 ,9 .7 .5 ,5 ,6 ,0",9.0,7.0,0.78
2019,12,"SA D .1 .9 ,5 .4 .9 ,0 ,0 ,1",8.0,3.0,0.38
2019,12,"O stale sjev ern o -am eričk e zem lje .0 ,7 .1 .1 ,3 ,1 ,3",0.0,4.0,
2019,12,"B razil .9 .7 ,0 .2 .1 ,5 ,5 ,9",8.0,3.0,0.38
2019,12,"O stale zem lje Ju žn e i Sred n je A m erik e . . ,0 .5 .9 ,2 ,6 ,0",8.0,7.0,0.88
2019,12,"B ah rein .0 .7 ,7 .0 .7 ,6 ,9 ,8",8.0,0.0,
2019,12,"In d ija .5 .4 ,1 .3 .2 ,7 ,2 ,1",2.0,5.0,2.5
2019,12,"Iran ,6 .1 .7 ,9 ,1 ,1",9.0,7.0,0.78
2019,12,"Izrael .8 .7 ,2 .7 .8 ,5 ,7 ,4",7.0,1.0,0.14
2019,12,"Jap an .8 .6 ,6 .5 .0 ,9 ,6 ,3",8.0,0.0,
2019,12,"Ju žn a K o reja .3 .3 ,1 .5 .1 ,2 ,9 ,1",5.0,4.0,0.8
2019,12,"K atar .8 .5 ,9 .8 .1 ,3 ,5 ,9",8.0,7.0,0.88
2019,12,"K in a .2 .7 ,5 .7 .0 ,9 ,0 ,2",8.0,1.0,0.12
2019,12,"K u v ajt .2 .3 ,4 .5 .7 ,3 ,2 ,4",2.0,4.0,2.0
2019,12,"M alezija .7 .9 ,8 .4 .0 ,3 ,0 ,3",8.0,1.0,0.12
2019,12,"O m an .3 .8 ,6 .2 .8 ,6 ,0 ,4",1.0,9.0,9.0
2019,12,"Sau d ijsk a A rab ija .9 .8 ,9 .4 .0 ,1 ,5 ,4",0.0,6.0,
2019,12,"U jed in jen i A rap sk i E m irati .2 .2 ,5 .6 .0 ,6 ,9 ,9",5.0,3.0,0.6
2019,12,"O stale azijsk e zem lje .5 .8 ,9 .5 .7 ,6 ,2 ,6",7.0,3.0,0.43
2019,12,"A u stralija .2 .8 ,6 .6 .5 ,0 ,8 ,0",3.0,4.0,1.33
2019,12,"N o v i Z elan d .2 .3 ,4 .1 .5 ,3 ,1 ,9",9.0,0.0,
2019,12,"O stale zem lje O k ean ije ,2 .4 ,9 ,0 ,5",6.0,6.0,1.0
2019,12,b r a . i,0.0,2.0,
2019,12,I X II I X II n o će n ja I X II I X II I X II I X II,2.0,9.0,4.5
2019,12,I X II I X II %,2.0,8.0,4.0
2019,12,".4 .4 .6 .7 ,0 .0 .1 .3 .3 ,9 ,0",6.0,2.0,0.33
2019,12,".3 .2 .5 .9 ,3 .7 .2 .1 .2 ,5 ,3",6.0,5.0,0.83
2019,12,".7 .9 ,3 .3 .8 ,0 ,9",6.0,6.0,1.0
2019,12,".6 .0 ,8 .0 .2 ,9 ,8",4.0,1.0,0.25
2019,12,".6 .8 ,3 .5 .0 ,9 ,9",5.0,1.0,0.2
2019,12,".5 .6 ,3 .7 .2 ,9 ,2",1.0,4.0,4.0
2019,12,".5 .2 ,8 .5 .1 ,9 ,7",7.0,8.0,1.14
2019,12,".7 .6 ,5 .8 .3 ,7 ,0",7.0,1.0,0.14
2019,12,".8 .0 ,3 .4 .9 ,9 ,1",3.0,6.0,2.0
2019,12,".3 .6 ,7 .8 .6 ,5 ,5",8.0,9.0,1.12
2019,12,".0 .8 .1 .0 ,8 .1 .4 .4 .1 ,7 ,7",5.0,8.0,1.6
2019,12,".7 .1 .6 ,7 .0 .6 .2 .0 ,7 ,7",9.0,7.0,0.78
2019,12,".9 .2 ,8 .4 .5 ,4 ,9",8.0,4.0,0.5
2019,12,".8 .9 ,3 .5 .2 ,8 ,7",2.0,1.0,0.5
2019,12,".2 .2 ,2 .7 .3 ,0 ,4",9.0,0.0,
2020,12,"U periodu januar – decembar turisti su ostvarili posjeta, što je manje za 69,7% i noćenja, što je",498.0,235.0,0.47
2020,12,I X II I X II,2.0,9.0,4.5
2020,12,c e m b r a . i .,0.0,2.0,
2020,12,I X II,,0.0,
2020,12,I X I I,,0.0,
2020,12,Albanija,787.0,22.3,0.03
2020,12,Austrija,133.0,15.7,0.12
2020,12,Belgija,439.0,17.0,0.04
2020,12,Bugarska,25.0,14.0,0.56
2020,12,Crna Gora,532.0,35.2,0.07
2020,12,Češka,51.0,12.8,0.25
2020,12,Danska,925.0,16.0,0.02
2020,12,Estonija,64.0,314.0,4.91
2020,12,Finska,597.0,8.0,0.01
2020,12,Francuska,242.0,7.9,0.03
2020,12,Grčka,356.0,12.0,0.03
2020,12,Holandija,34.0,11.9,0.35
2020,12,Hrvatska,354.0,31.7,0.09
2020,12,Irska,815.0,15.0,0.02
2020,12,Island,22.0,52.0,2.36
2020,12,Italija,881.0,7.4,0.01
2020,12,Kipar,72.0,114.0,1.58
2020,12,Latvija,61.0,998.0,16.36
2020,12,Litvanija,384.0,2.0,0.01
2020,12,Luksemburg,286.0,782.0,2.73
2020,12,Mađarska,101.0,7.4,0.07
2020,12,Malta,15.0,197.0,13.13
2020,12,Norveška,948.0,11.0,0.01
2020,12,Njemačka,813.0,10.7,0.01
2020,12,Poljska,520.0,2.9,0.01
2020,12,Portugal,805.0,5.0,0.01
2020,12,Rumunija,243.0,12.0,0.05
2020,12,Rusija,631.0,19.2,0.03
2020,12,Sjeverna Makedonija ),10.0,221.0,22.1
2020,12,Slovačka,345.0,9.0,0.03
2020,12,Slovenija,977.0,14.2,0.01
2020,12,Srbija,339.0,53.5,0.16
2020,12,Španija,428.0,30.0,0.07
2020,12,Švicarska,571.0,16.4,0.03
2020,12,Švedska,780.0,13.3,0.02
2020,12,Turska,59.0,10.9,0.18
2020,12,Ujedinjeno Kraljevstvo,88.0,11.3,0.13
2020,12,Ukrajina,91.0,5.0,0.05
2020,12,Egipat,262.0,3.0,0.01
2020,12,Južnoafrička Republika,37.0,402.0,10.86
2020,12,Kanada,681.0,15.0,0.02
2020,12,SAD,762.0,13.3,0.02
2020,12,Brazil,733.0,11.0,0.02
2020,12,Bahrein,602.0,21.0,0.03
2020,12,Indija,452.0,5.0,0.01
2020,12,Iran,135.0,748.0,5.54
2020,12,Izrael,713.0,15.0,0.02
2020,12,Japan,610.0,14.0,0.02
2020,12,Južna Koreja,317.0,3.7,0.01
2020,12,Katar,571.0,13.0,0.02
2020,12,Kina,0.0,4.8,
2020,12,Kuvajt,344.0,19.5,0.06
2020,12,Malezija,970.0,24.0,0.02
2020,12,Oman,869.0,23.0,0.03
2020,12,Saudijska Arabija,854.0,3.0,0.0
2020,12,Ujedinjeni Arapski Emirati,961.0,32.7,0.03
2020,12,Australija,855.0,19.0,0.02
2020,12,Novi Zeland,304.0,2.0,0.01
2020,12,. i .,1.0,0.0,
2020,12,D O L A S C I N O Ć E N J A I X II,,0.0,
2020,12,I X II I X II n o ć e n ja I X II * I X II I X II * I X II,2.0,0.0,
2020,12,I X II I X II %,2.0,9.0,4.5
2020,12,"U K U P N O ,3 ,6 ,0",6.0,2.0,0.33
2020,12,"o t e li i s lič a n s m je š t a j ,6 ,8 ,6",5.0,9.0,1.8
2020,12,"d m a r a liš t a i s lič n i o b je k t i z a k r a ć i o d m o r ,8 ,0 ,9",1.0,2.0,2.0
2020,12,"a m p o v i i p r o s t o r i z a k a m p ir a n je ,2 ,4 ,6",7.0,7.0,1.0
2020,12,"s t a li s m je š t a j ,9 ,4 ,8",1.0,1.0,1.0
2020,12,"D o m a ć i t u r is t i ,2 ,5 ,5",4.0,8.0,2.0
2020,12,"o t e li i s lič a n s m je š t a j ,4 ,4 ,8",1.0,2.0,2.0
2020,12,"d m a r a liš t a i s lič n i o b je k t i z a k r a ć i o d m o r ,8 ,7 ,9",9.0,3.0,0.33
2020,12,"a m p o v i i p r o s t o r i z a k a m p ir a n je ,7 ,8 ,3",0.0,1.0,
2020,12,"s t a li s m je š t a j ,9 ,4 ,6",6.0,4.0,0.67
2020,12,"S t r a n i t u r i s t i ,4 ,1 ,5",1.0,2.0,2.0
2020,12,"o t e li i s lič a n s m je š t a j ,6 ,5 ,8",1.0,4.0,4.0
2020,12,"d m a r a liš t a i s lič n i o b je k t i z a k r a ć i o d m o r ,6 ,1 ,0",1.0,9.0,9.0
2020,12,"a m p o v i i p r o s t o r i z a k a m p ir a n je ,8 ,8 ,3",4.0,6.0,1.5
2020,12,"s t a li s m je š t a j ,8 ,7 ,3",2.0,3.0,1.5
2021,12,"U periodu januar – decembar turisti su ostvarili posjete, što je više za % i noćenja, što je više",960.0,2.0,0.0
2021,12,I X II,,1.0,
2021,12,I X I I,,1.0,
2021,12,. i .,0.0,2.0,
2021,12,I X II I X II,2.0,2.0,1.0
2021,12,I X II,,0.0,
2021,12,",7",9.0,7.0,0.78
2021,12,",9",0.0,2.0,
2021,12,",4",4.0,1.0,0.25
2021,12,",8",8.0,4.0,0.5
2021,12,",6",4.0,6.0,1.5
2021,12,",5",5.0,1.0,0.2
2021,12,",5",1.0,3.0,3.0
2021,12,",9",8.0,6.0,0.75
2021,12,",3",4.0,6.0,1.5
2021,12,",7",6.0,2.0,0.33
2021,12,",0",6.0,8.0,1.33
2021,12,",7",1.0,5.0,5.0
2021,12,",8",0.0,8.0,
2021,12,",4",4.0,4.0,1.0
2021,12,",4",8.0,8.0,1.0
2021,12,",8",2.0,2.0,1.0
2021,12,I X II,,1.0,
2021,12,I X II,,1.0,
2021,12,I X II,,0.0,
2021,12,I X II,,1.0,
2021,12,Italija,567.0,252.4,0.45
2021,12,Kipar,167.0,502.0,3.01
2021,12,Latvija,203.0,587.0,2.89
2021,12,Litvanija,366.0,827.0,2.26
2021,12,Luksemburg,868.0,2.0,0.0
2021,12,Mađarska,345.0,378.7,1.1
2021,12,Malta,47.0,159.0,3.38
2021,12,Norveška,1.0,1.0,1.0
2021,12,Njemačka,80.0,424.6,5.31
2021,12,Poljska,97.0,699.4,7.21
2021,12,Portugal,1.0,539.0,539.0
2021,12,Rumunija,2.0,1.0,0.5
2021,12,Rusija,272.0,246.5,0.91
2021,12,Sjeverna Makedonija,223.0,169.4,0.76
2021,12,Slovačka,1.0,1.0,1.0
2021,12,Slovenija,677.0,241.2,0.36
2021,12,Srbija,870.0,165.6,0.19
2021,12,Španija,3.0,1.0,0.33
2021,12,Švicarska,70.0,385.7,5.51
2021,12,Švedska,840.0,364.1,0.43
2021,12,Turska,833.0,285.1,0.34
2021,12,Ujedinjeno Kraljevstvo,714.0,263.2,0.37
2021,12,Ukrajina,1.0,959.0,959.0
2021,12,Egipat,647.0,1.0,0.0
2021,12,Južnoafrička Republika,134.0,273.0,2.04
2021,12,Kanada,1.0,939.0,939.0
2021,12,Sjedinjene Amerićke Države,505.0,309.2,0.61
2021,12,Brazil,480.0,1.0,0.0
2021,12,"Bahrein 1) 900,9",9.0,1.0,0.11
2021,12,Indija,871.0,2.0,0.0
2021,12,Iran,155.0,280.0,1.81
2021,12,"Izrael 1) 900,9",6.0,769.0,128.17
2021,12,Japan,298.0,206.0,0.69
2021,12,Južna Koreja,541.0,1.0,0.0
2021,12,Katar,3.0,1.0,0.33
2021,12,Kina,910.0,39.6,0.04
2021,12,Kuvajt,629.0,680.7,1.08
2021,12,Malezija,346.0,416.0,1.2
2021,12,"Oman 1) 900,9",6.0,1.0,0.17
2021,12,"Saudijska Arabija 1) 900,9",970.0,900.9,0.93
2021,12,Ujedinjeni Arapski Emirati,452.0,469.4,1.04
2021,12,Australija,628.0,438.0,0.7
2021,12,Novi Zeland,71.0,161.0,2.27
2021,12,. i,0.0,2.0,
2021,12,D O L A S C I N O Ć E N J A I X II,,1.0,
2021,12,I X II I X II n o ć e n ja I X II * I X II I X II * I X II,2.0,1.0,0.5
2021,12,I X II I X II %,2.0,0.0,
2021,12,"U K U P N O ,7 ,6 ,0",0.0,1.0,
2021,12,"H o t e li i s lič a n s m je š t a j ,6 ,3 ,1",7.0,6.0,0.86
2021,12,",7 ,1 ,8",5.0,1.0,0.2
2021,12,"K a m p o v i i p r o s t o r i z a k a m p ir a n je ,2 ,7 ,8",1.0,1.0,1.0
2021,12,"O s t a li s m je š t a j ,5 ,8 ,4",5.0,6.0,1.2
2021,12,"D o m a ć i t u r is t i ,3 ,5 ,8",0.0,3.0,
2021,12,"H o t e li i s lič a n s m je š t a j ,3 ,5 ,7",8.0,9.0,1.12
2021,12,"O d m a r a liš t a i s lič n i o b je k t i z a k r a ć i o d m o r ,6 ,0 ,6",0.0,8.0,
2021,12,"K a m p o v i i p r o s t o r i z a k a m p ir a n je ,7 ,0 ,1",4.0,2.0,0.5
2021,12,"O s t a li s m je š t a j ,6 ,9 ,3",1.0,6.0,6.0
2021,12,"S t r a n i t u r i s t i ,7 ,8 ,2",9.0,7.0,0.78
2021,12,"H o t e li i s lič a n s m je š t a j ,8 ,1 ,3",8.0,7.0,0.88
2021,12,"O d m a r a liš t a i s lič n i o b je k t i z a k r a ć i o d m o r ,2 ,3 ,2",4.0,8.0,2.0
2021,12,"K a m p o v i i p r o s t o r i z a k a m p ir a n je ,1 ,4 ,6",6.0,8.0,1.33
2021,12,"O s t a li s m je š t a j ,0 ,4 ,1",4.0,4.0,1.0
2022,12,"U periodu januar – decembar turisti su ostvarili posjeta, što je više za 50,7% i noćenje, što je više",1.0,3.0,3.0
2022,12,I X II,,2.0,
2022,12,I X I I,,2.0,
2022,12,Albanija,204.0,159.7,0.78
2022,12,Austrija,856.0,173.4,0.2
2022,12,Belgija,442.0,170.7,0.39
2022,12,Bugarska,696.0,327.4,0.47
2022,12,Crna Gora,220.0,164.9,0.75
2022,12,Češka,405.0,198.3,0.49
2022,12,Danska,650.0,212.7,0.33
2022,12,Estonija,458.0,779.0,1.7
2022,12,Finska,1.0,2.0,2.0
2022,12,Francuska,547.0,187.2,0.34
2022,12,Grčka,509.0,314.4,0.62
2022,12,Holandija,529.0,202.0,0.38
2022,12,Hrvatska,881.0,222.5,0.25
2022,12,Irska,3.0,2.0,0.67
2022,12,Island,198.0,460.0,2.32
2022,12,. i .,0.0,2.0,
2022,12,Italija,131.0,241.5,1.84
2022,12,Kipar,517.0,941.0,1.82
2022,12,Latvija,543.0,1.0,0.0
2022,12,Litvanija,1.0,832.0,832.0
2022,12,Luksemburg,1.0,2.0,2.0
2022,12,Mađarska,194.0,259.6,1.34
2022,12,Malta,383.0,766.0,2.0
2022,12,Norveška,201.0,338.5,1.68
2022,12,Njemačka,27.0,180.7,6.69
2022,12,Poljska,986.0,279.3,0.28
2022,12,Portugal,55.0,225.5,4.1
2022,12,Rumunija,660.0,196.5,0.3
2022,12,Rusija,145.0,209.8,1.45
2022,12,Sjeverna Makedonija,783.0,254.1,0.32
2022,12,Slovačka,651.0,234.5,0.36
2022,12,Slovenija,437.0,264.3,0.6
2022,12,Srbija,81.0,155.8,1.92
2022,12,Španija,108.0,210.4,1.95
2022,12,Švicarska,33.0,162.7,4.93
2022,12,Švedska,726.0,175.9,0.24
2022,12,Turska,410.0,278.4,0.68
2022,12,Ujedinjeno Kraljevstvo,531.0,250.2,0.47
2022,12,Ukrajina,3.0,105.7,35.23
2022,12,Egipat,728.0,832.0,1.14
2022,12,Južnoafrička Republika,394.0,745.0,1.89
2022,12,Kanada,489.0,293.5,0.6
2022,12,Sjedinjene Amerićke Države,7.0,208.8,29.83
2022,12,Brazil,2.0,1.0,0.5
2022,12,Bahrein,81.0,84.7,1.05
2022,12,Indija,1.0,2.0,2.0
2022,12,Iran,354.0,1.0,0.0
2022,12,Izrael,540.0,115.0,0.21
2022,12,Japan,643.0,1.0,0.0
2022,12,Južna Koreja 1),2.0,4.0,2.0
2022,12,Katar,421.0,106.6,0.25
2022,12,Kina,946.0,268.1,0.28
2022,12,Kuvajt,130.0,110.1,0.85
2022,12,Malezija 1),11.0,14.0,1.27
2022,12,Oman,855.0,184.1,0.22
2022,12,Saudijska Arabija,220.0,92.6,0.42
2022,12,Ujedinjeni Arapski Emirati,568.0,67.8,0.12
2022,12,Australija,3.0,1.0,0.33
2022,12,Novi Zeland,400.0,926.0,2.31
2022,12,. i,0.0,2.0,
2022,12,Hoteli i sličan smještaj,864.0,947.0,1.1
2022,12,Kampovi i prostori za kampiranje,289.0,129.2,0.45
2022,12,Ostali smještaj,638.0,126.4,0.2
2022,12,Domaći turisti,357.0,118.6,0.33
2022,12,Hoteli i sličan smještaj,734.0,119.4,0.16
2022,12,Odmarališta i slični objekti za kraći odmor,183.0,108.2,0.59
2022,12,Kampovi i prostori za kampiranje,144.0,65.9,0.46
2022,12,Ostali smještaj,296.0,112.6,0.38
2022,12,Hoteli i sličan smještaj,130.0,180.4,1.39
2022,12,Odmarališta i slični objekti za kraći odmor,328.0,228.1,0.7
2022,12,Kampovi i prostori za kampiranje,145.0,145.9,1.01
2022,12,Ostali smještaj,1.0,2.0,2.0
2023,12,Domaći turisti,549902.0,1156121.0,2.1
2023,12,Poljska,23329.0,56596.0,2.43
2023,12,Portugal,2500.0,5945.0,2.38
2023,12,Rumunija,5918.0,11147.0,1.88
2023,12,Rusija,9635.0,18148.0,1.88
2023,12,Sjeverna Makedonija,13853.0,28047.0,2.02
2023,12,Slovačka,6297.0,12556.0,1.99
2023,12,Slovenija,77700.0,168468.0,2.17
2023,12,Srbija,148893.0,307660.0,2.07
2023,12,Španija,10335.0,22717.0,2.2
2023,12,Lihtenštajn),14497.0,29712.0,2.05
2023,12,Švedska,11666.0,26534.0,2.27
2023,12,Turska,141876.0,199819.0,1.41
2023,12,Ujedinjeno Kraljevstvo,14019.0,36240.0,2.59
2023,12,Ukrajina,2408.0,5511.0,2.29
2023,12,Egipat,806.0,2583.0,3.2
2023,12,Južnoafrička Republika,427.0,819.0,1.92
2023,12,Kanada,5803.0,13066.0,2.25
2023,12,SAD,36043.0,83092.0,2.31
2023,12,američke zemlje,997.0,1967.0,1.97
2023,12,Brazil,3565.0,7070.0,1.98
2023,12,Srednje Amerike . .,0.0,6.0,
2023,12,Bahrein,4029.0,11494.0,2.85
2023,12,Indija,3109.0,6192.0,1.99
2023,12,Iran,407.0,1209.0,2.97
2023,12,Izrael,10818.0,25976.0,2.4
2023,12,Japan,1745.0,3098.0,1.78
2023,12,"Južna,Koreja",12860.0,16717.0,1.3
2023,12,Katar,3986.0,13173.0,3.3
2023,12,Kina,30283.0,42769.0,1.41
2023,12,Kuvajt,14170.0,53508.0,3.78
2023,12,Malezija,12935.0,16032.0,1.24
2023,12,Oman,15311.0,36706.0,2.4
2023,12,Saudijska Arabija,52336.0,125639.0,2.4
2023,12,Emirati,25825.0,78310.0,3.03
2023,12,Australija,8650.0,19686.0,2.28
2023,12,Novi Zeland,887.0,2087.0,2.35
2023,12,Hoteli i sličan smještaj,1664913.0,3437131.0,2.06
2023,12,za kraći odmor,44084.0,106887.0,2.42
2023,12,kampiranje,15803.0,28469.0,1.8
2023,12,Ostali smještaj,8271.0,73352.0,8.87
2023,12,Domaći turisti,549902.0,1156121.0,2.1
2023,12,Hoteli i sličan smještaj,520802.0,1049389.0,2.01
2023,12,za kraći odmor,20366.0,42046.0,2.06
2023,12,kampiranje,2324.0,3710.0,1.6
2023,12,Ostali smještaj,6410.0,60976.0,9.51
2023,12,Hoteli i sličan smještaj,1144111.0,2387742.0,2.09
2023,12,za kraći odmor,23718.0,64841.0,2.73
2023,12,kampiranje,13479.0,24759.0,1.84
2023,12,Ostali smještaj,1861.0,12376.0,6.65
2024,12,Domaći turisti,558971.0,1179428.0,2.11
2024,12,slični objekti,44741.0,116117.0,2.6
2024,12,prostori za,18069.0,31823.0,1.76
2024,12,Ostali smještaj,9447.0,84767.0,8.97
2024,12,Domaći turisti,558971.0,1179428.0,2.11
2024,12,slični objekti,19249.0,46887.0,2.44
2024,12,prostori za,2679.0,4105.0,1.53
2024,12,Ostali smještaj,7259.0,69810.0,9.62
2024,12,slični objekti,25492.0,69230.0,2.72
2024,12,prostori za,15390.0,27718.0,1.8
2024,12,Ostali smještaj,2188.0,14957.0,6.84
2024,12,Albanija,3689.0,8111.0,2.2
2024,12,Austrija,36928.0,69785.0,1.89
2024,12,Belgija,7272.0,16612.0,2.28
2024,12,Bugarska,9644.0,20650.0,2.14
2024,12,Crna Gora,30754.0,69191.0,2.25
2024,12,Češka,8498.0,16548.0,1.95
2024,12,Danska,4732.0,12420.0,2.62
2024,12,Estonija,592.0,1313.0,2.22
2024,12,Finska,1855.0,3748.0,2.02
2024,12,Francuska,19523.0,62283.0,3.19
2024,12,Grčka,7367.0,17293.0,2.35
2024,12,Nizozemska,20117.0,48366.0,2.4
2024,12,Hrvatska,174405.0,392808.0,2.25
2024,12,Irska,4701.0,15383.0,3.27
2024,12,Island,284.0,625.0,2.2
2024,12,Italija,35070.0,80972.0,2.31
2024,12,Kipar,1529.0,2388.0,1.56
2024,12,Latvija,819.0,2584.0,3.16
2024,12,Litvanija,1309.0,3458.0,2.64
2024,12,Luksemburg,1469.0,3556.0,2.42
2024,12,Mađarska,19141.0,35667.0,1.86
2024,12,Malta,1867.0,3889.0,2.08
2024,12,Norveška,4248.0,9701.0,2.28
2024,12,Njemačka,56094.0,120794.0,2.15
2024,12,Poljska,32814.0,74667.0,2.28
2024,12,Portugal,3618.0,6455.0,1.78
2024,12,Rumunija,7817.0,19749.0,2.53
2024,12,Rusija,10076.0,19952.0,1.98
2024,12,Sjeverna Makedonija,14052.0,26701.0,1.9
2024,12,Slovačka,7018.0,15099.0,2.15
2024,12,Slovenija,77961.0,168132.0,2.16
2024,12,Srbija,156744.0,326969.0,2.09
2024,12,Španija,14063.0,29141.0,2.07
2024,12,(uključujući i,14276.0,29728.0,2.08
2024,12,Švedska,10356.0,24092.0,2.33
2024,12,Turska,205831.0,275389.0,1.34
2024,12,Ukrajina,3196.0,9345.0,2.92
2024,12,Egipat,963.0,3466.0,3.6
2024,12,Kanada,7142.0,15540.0,2.18
2024,12,SAD,40548.0,95650.0,2.36
2024,12,Brazil,5451.0,9568.0,1.76
2024,12,Bahrein,1192.0,3050.0,2.56
2024,12,Indija,3240.0,6363.0,1.96
2024,12,Iran,316.0,1118.0,3.54
2024,12,Izrael,10971.0,28835.0,2.63
2024,12,Japan,2557.0,3853.0,1.51
2024,12,"Južna,Koreja",9726.0,13508.0,1.39
2024,12,Katar,3033.0,10110.0,3.33
2024,12,Kina,74996.0,94692.0,1.26
2024,12,Kuvajt,14745.0,51506.0,3.49
2024,12,Malezija,9537.0,12658.0,1.33
2024,12,Oman,1153.0,2799.0,2.43
2024,12,Saudijska Arabija,91994.0,213664.0,2.32
2024,12,Australija,9444.0,21281.0,2.25
2024,12,Novi Zeland,1176.0,2871.0,2.44
2025,12,Domaći turisti,569603.0,1213741.0,2.13
2025,12,I XII 2024* I XII I XII I XII 2024* I XII I XII noćenja,,2025.0,
2025,12,slični objekti,47481.0,138107.0,2.91
2025,12,prostori za,17762.0,31051.0,1.75
2025,12,Ostali smještaj,10174.0,89861.0,8.83
2025,12,Domaći turisti,569603.0,1213741.0,2.13
2025,12,slični objekti,15888.0,41485.0,2.61
2025,12,prostori za,2077.0,3335.0,1.61
2025,12,Ostali smještaj,7906.0,73933.0,9.35
2025,12,slični objekti,31593.0,96622.0,3.06
2025,12,prostori za,15685.0,27716.0,1.77
2025,12,Ostali smještaj,2268.0,15928.0,7.02
2025,12,I XII 2024* I XII I XII I XII 2024* I XII I XII noćenja broj noćenja,,2025.0,
2025,12,Albanija,3874.0,7657.0,1.98
2025,12,Austrija,39227.0,75808.0,1.93
2025,12,Belgija,7168.0,16473.0,2.3
2025,12,Bugarska,10207.0,20648.0,2.02
2025,12,Crna Gora,35608.0,82524.0,2.32
2025,12,Češka,8630.0,16549.0,1.92
2025,12,Danska,5773.0,15338.0,2.66
2025,12,Estonija,796.0,1627.0,2.04
2025,12,Finska,1790.0,3787.0,2.12
2025,12,Francuska,21994.0,70126.0,3.19
2025,12,Grčka,7015.0,14053.0,2.0
2025,12,Holandija,20921.0,50915.0,2.43
2025,12,Hrvatska,180648.0,405633.0,2.25
2025,12,Irska,5772.0,14069.0,2.44
2025,12,Island,439.0,1102.0,2.51
2025,12,Italija,38362.0,88267.0,2.3
2025,12,Kipar,996.0,1939.0,1.95
2025,12,Latvija,1472.0,4703.0,3.19
2025,12,Litvanija,1325.0,2537.0,1.91
2025,12,Luksemburg,1243.0,2942.0,2.37
2025,12,Mađarska,17979.0,36045.0,2.0
2025,12,Malta,807.0,1819.0,2.25
2025,12,Norveška,4883.0,10886.0,2.23
2025,12,Njemačka,58972.0,127486.0,2.16
2025,12,Poljska,32629.0,85809.0,2.63
2025,12,Portugal,2363.0,4481.0,1.9
2025,12,Rumunija,7925.0,17766.0,2.24
2025,12,Rusija,11737.0,22082.0,1.88
2025,12,Sjeverna Makedonija,13423.0,25721.0,1.92
2025,12,Slovačka,6821.0,14247.0,2.09
2025,12,Slovenija,78046.0,170512.0,2.18
2025,12,I XII 2024* I XII I XII I XII 2024* I XII I XII noćenja broj noćenja,,2025.0,
2025,12,Srbija,149245.0,312063.0,2.09
2025,12,Španija,15341.0,31203.0,2.03
2025,12,(uključujući i,15067.0,31331.0,2.08
2025,12,Švedska,13705.0,32664.0,2.38
2025,12,Turska,193765.0,277588.0,1.43
2025,12,Ukrajina,3502.0,8913.0,2.55
2025,12,Egipat,1318.0,4680.0,3.55
2025,12,Kanada,8252.0,17264.0,2.09
2025,12,SAD,42874.0,98652.0,2.3
2025,12,Brazil,4674.0,9567.0,2.05
2025,12,Bahrein,1873.0,5312.0,2.84
2025,12,Indija,5016.0,9005.0,1.8
2025,12,Iran,204.0,420.0,2.06
2025,12,Izrael,18079.0,44492.0,2.46
2025,12,Japan,2912.0,4423.0,1.52
2025,12,Južna Koreja,7409.0,10437.0,1.41
2025,12,Katar,2172.0,7420.0,3.42
2025,12,Kina,90832.0,108323.0,1.19
2025,12,Kuvajt,12915.0,45684.0,3.54
2025,12,Malezija,10235.0,13835.0,1.35
2025,12,Oman,4295.0,9854.0,2.29
2025,12,Saudijska Arabija,68081.0,159377.0,2.34
2025,12,Australija,10117.0,20818.0,2.06
2025,12,Novi Zeland,1092.0,2452.0,2.25
